{
  "student": [
    {
      "id": 10,
      "stdId": 10,
      "stdName": "harish",
      "stdDob": "2000-12-12",
      "stdMobile": 8787812345,
      "stdEmail": "harish@gmail.com",
      "stdGender": "male",
      "stdPassword": "harish@345"
    },
    {
      "id": 11,
      "stdId": 11,
      "stdName": "ragu",
      "stdDob": "2001-12-12",
      "stdMobile": 9444411111,
      "stdEmail": "ragu@gmail.com",
      "stdGender": "male",
      "stdPassword": "ragu@345"
    },
    {
      "id": 12,
      "stdId": 12,
      "stdName": "venkat",
      "stdDob": "2002-12-12",
      "stdMobile": 8979879876,
      "stdEmail": "venkat@gmail.com",
      "stdGender": "male",
      "stdPassword": "venkat@345"
    },
    {
      "id": 13,
      "stdId": 13,
      "stdName": "Raman",
      "stdDob": "2002-12-12",
      "stdMobile": 8979879876,
      "stdEmail": "Raman@gmail.com",
      "stdGender": "male",
      "stdPassword": "Raman@345"
    },
    {
      "stdId": 89,
      "stdName": "Anjana",
      "stdDob": "2010-10-10",
      "stdMobile": 9876545678,
      "stdEmail": "Anjana@gmail.com",
      "stdGender": "female",
      "stdPassword": "Anjana@123",
      "id": 14
    },
    {
      "stdId": 106,
      "stdName": "Sudarson",
      "stdDob": "2010-07-08",
      "stdMobile": 2010943212,
      "stdEmail": "Sudarson@gmail.com",
      "stdGender": "male",
      "stdPassword": "Sudarson@123456",
      "id": 15
    }
  ]
}